Workbook

Sheet GENERAL INSTRUCTIONS

Sheet DATA
B5: COURSE CODE & TITLE: | F5: CLASS SCHEDULE: | O5: SCHOOL YEAR:
B6: PROGRAM: | F6: SCHEDULE ID: | O6: SEMESTER:
B7: CLASS SECTION: | F7: DEPARTMENT: | I7: CCIS | O7: PROFESSOR:
B9: PLEASE SELECT | C9: 1
B10: NO. | C10: STUDENT NO. | D10: STUDENT'S NAME | E10: PROGRAM | F10: YEAR LEVEL
B12: 1
B13: 2
B14: 3
B15: 4
B16: 5
B17: 6
B18: 7
B19: 8
B20: 9
B21: 10
B22: 11
B23: 12
... B111: 100

Sheet MIDTERM
I2: CLASS RECORD
I3: (PER BOR RESOLUTION NO. 48 s. 2024)
B5: COURSE CODE & TITLE: | D5: =DATA!D5 -> 0 | M5: CLASS SCHEDULE: | Q5: =DATA!I5 -> 0 | W5: SCHOOL YEAR: | Z5: =DATA!R5 -> 0
B6: PROGRAM: | D6: =DATA!D6 -> 0 | M6: SCHEDULE ID: | Q6: =DATA!I6 -> 0 | W6: SEMESTER: | Z6: =DATA!R6 -> 0
B7: CLASS SECTION: | D7: =DATA!D7 -> 0 | M7: DEPARTMENT: | Q7: =DATA!I7 -> CCIS | W7: PROFESSOR: | Z7: =DATA!R7 -> 0
C9: =IF(DATA!C9=1,"CATEGORY A",IF(DATA!C9=2,"CATEGORY B",IF(DATA!C9=3,"CATEGORY C"))) -> CATEGORY A | D9: =IF(DATA!C9=1,"CLASS STANDING (20%)",IF(DATA!C9=2,"CLASS STANDING (30%)",IF(DATA!C9=3,"CLASS STANDING (20%)"))) -> CLASS STANDING (20%) | Q9: =IF(DATA!C9=1,"MAJOR COURSE OUTPUT (50%)",IF(DATA!C9=2,"MAJOR COURSE OUTPUT (40%)",IF(DATA!C9=3,"MAJOR COURSE OUTPUT (60%)"))) -> MAJOR COURSE OUTPUT (50%) | Y9: =IF(DATA!C9=1,"MAJOR EXAM (30%)",IF(DATA!C9=2,"MAJOR EXAM (30%)",IF(DATA!C9=3,"MAJOR EXAM (20%)"))) -> MAJOR EXAM (30%) | AB9: MIDTERM
B10: NO. | C10: STUDENT'S NAME | D10: 1 | E10: 2 | F10: 3 | G10: 4 | H10: 5 | I10: 6 | J10: 7 | K10: 8 | L10: 9 | M10: 10 | N10: TOTAL | O10: TS | P10: WS | Q10: 1 | R10: 2 | S10: 3 | T10: 4 | U10: 5 | V10: TOTAL | W10: TS | X10: WS | Y10: 1 | Z10: TS | AA10: WS | AB10: GRADE
N11: =IF(COUNT($D11:$M11)=0,"",SUM($D11:$M11)) | P11: =IF(DATA!C9=1,"20%",IF(DATA!C9=2,"30%",IF(DATA!C9=3,"20%"))) -> 20% | V11: =IF(COUNT($Q11:$U11)=0,"",SUM($Q11:$U11)) | X11: =IF(DATA!C9=1,"50%",IF(DATA!C9=2,"40%",IF(DATA!C9=3,"60%"))) -> 50% | AA11: =IF(DATA!C9=1,"30%",IF(DATA!C9=2,"30%",IF(DATA!C9=3,"20%"))) -> 30%
B12: 1 | C12: =DATA!D12 -> 0 | N12: =IF(COUNT($D12:$M12)=0,"",SUM($D12:$M12)) | O12: =IFERROR(IF(N12="","",ROUND((N12/$N$11)*50+50,2)),"") | P12: =IFERROR(IF(O12="","",ROUND(O12*$P$11,2)),"") | V12: =IF(COUNT($Q12:$U12)=0,"",SUM($Q12:$U12)) | W12: =IFERROR(IF(V12="","",ROUND((V12/$V$11)*50+50,2)),"") | X12: =IFERROR(IF(W12="","",ROUND(W12*$X$11,2)),"") | Z12: =IFERROR(IF(Y12="","",ROUND((Y12/$Y$11)*50+50,2)),"") | AA12: =IFERROR(IF(Z12="","",ROUND(Z12*$AA$11,2)),"") | AB12: =IFERROR(ROUND(P12+X12+AA12,0),"")
B13: 2 | C13: =DATA!D13 -> 0 | N13: =IF(COUNT($D13:$M13)=0,"",SUM($D13:$M13)) | O13: =IFERROR(IF(N13="","",ROUND((N13/$N$11)*50+50,2)),"") | P13: =IFERROR(IF(O13="","",ROUND(O13*$P$11,2)),"") | V13: =IF(COUNT($Q13:$U13)=0,"",SUM($Q13:$U13)) | W13: =IFERROR(IF(V13="","",ROUND((V13/$V$11)*50+50,2)),"") | X13: =IFERROR(IF(W13="","",ROUND(W13*$X$11,2)),"") | Z13: =IFERROR(IF(Y13="","",ROUND((Y13/$Y$11)*50+50,2)),"") | AA13: =IFERROR(IF(Z13="","",ROUND(Z13*$AA$11,2)),"") | AB13: =IFERROR(ROUND(P13+X13+AA13,0),"")
B14: 3 | C14: =DATA!D14 -> 0 | N14: =IF(COUNT($D14:$M14)=0,"",SUM($D14:$M14)) | O14: =IFERROR(IF(N14="","",ROUND((N14/$N$11)*50+50,2)),"") | P14: =IFERROR(IF(O14="","",ROUND(O14*$P$11,2)),"") | V14: =IF(COUNT($Q14:$U14)=0,"",SUM($Q14:$U14)) | W14: =IFERROR(IF(V14="","",ROUND((V14/$V$11)*50+50,2)),"") | X14: =IFERROR(IF(W14="","",ROUND(W14*$X$11,2)),"") | Z14: =IFERROR(IF(Y14="","",ROUND((Y14/$Y$11)*50+50,2)),"") | AA14: =IFERROR(IF(Z14="","",ROUND(Z14*$AA$11,2)),"") | AB14: =IFERROR(ROUND(P14+X14+AA14,0),"")
B15: 4 | C15: =DATA!D15 -> 0 | N15: =IF(COUNT($D15:$M15)=0,"",SUM($D15:$M15)) | O15: =IFERROR(IF(N15="","",ROUND((N15/$N$11)*50+50,2)),"") | P15: =IFERROR(IF(O15="","",ROUND(O15*$P$11,2)),"") | V15: =IF(COUNT($Q15:$U15)=0,"",SUM($Q15:$U15)) | W15: =IFERROR(IF(V15="","",ROUND((V15/$V$11)*50+50,2)),"") | X15: =IFERROR(IF(W15="","",ROUND(W15*$X$11,2)),"") | Z15: =IFERROR(IF(Y15="","",ROUND((Y15/$Y$11)*50+50,2)),"") | AA15: =IFERROR(IF(Z15="","",ROUND(Z15*$AA$11,2)),"") | AB15: =IFERROR(ROUND(P15+X15+AA15,0),"")
B16: 5 | C16: =DATA!D16 -> 0 | N16: =IF(COUNT($D16:$M16)=0,"",SUM($D16:$M16)) | O16: =IFERROR(IF(N16="","",ROUND((N16/$N$11)*50+50,2)),"") | P16: =IFERROR(IF(O16="","",ROUND(O16*$P$11,2)),"") | V16: =IF(COUNT($Q16:$U16)=0,"",SUM($Q16:$U16)) | W16: =IFERROR(IF(V16="","",ROUND((V16/$V$11)*50+50,2)),"") | X16: =IFERROR(IF(W16="","",ROUND(W16*$X$11,2)),"") | Z16: =IFERROR(IF(Y16="","",ROUND((Y16/$Y$11)*50+50,2)),"") | AA16: =IFERROR(IF(Z16="","",ROUND(Z16*$AA$11,2)),"") | AB16: =IFERROR(ROUND(P16+X16+AA16,0),"")
B17: 6 | C17: =DATA!D17 -> 0 | N17: =IF(COUNT($D17:$M17)=0,"",SUM($D17:$M17)) | O17: =IFERROR(IF(N17="","",ROUND((N17/$N$11)*50+50,2)),"") | P17: =IFERROR(IF(O17="","",ROUND(O17*$P$11,2)),"") | V17: =IF(COUNT($Q17:$U17)=0,"",SUM($Q17:$U17)) | W17: =IFERROR(IF(V17="","",ROUND((V17/$V$11)*50+50,2)),"") | X17: =IFERROR(IF(W17="","",ROUND(W17*$X$11,2)),"") | Z17: =IFERROR(IF(Y17="","",ROUND((Y17/$Y$11)*50+50,2)),"") | AA17: =IFERROR(IF(Z17="","",ROUND(Z17*$AA$11,2)),"") | AB17: =IFERROR(ROUND(P17+X17+AA17,0),"")
B18: 7 | C18: =DATA!D18 -> 0 | N18: =IF(COUNT($D18:$M18)=0,"",SUM($D18:$M18)) | O18: =IFERROR(IF(N18="","",ROUND((N18/$N$11)*50+50,2)),"") | P18: =IFERROR(IF(O18="","",ROUND(O18*$P$11,2)),"") | V18: =IF(COUNT($Q18:$U18)=0,"",SUM($Q18:$U18)) | W18: =IFERROR(IF(V18="","",ROUND((V18/$V$11)*50+50,2)),"") | X18: =IFERROR(IF(W18="","",ROUND(W18*$X$11,2)),"") | Z18: =IFERROR(IF(Y18="","",ROUND((Y18/$Y$11)*50+50,2)),"") | AA18: =IFERROR(IF(Z18="","",ROUND(Z18*$AA$11,2)),"") | AB18: =IFERROR(ROUND(P18+X18+AA18,0),"")
B19: 8 | C19: =DATA!D19 -> 0 | N19: =IF(COUNT($D19:$M19)=0,"",SUM($D19:$M19)) | O19: =IFERROR(IF(N19="","",ROUND((N19/$N$11)*50+50,2)),"") | P19: =IFERROR(IF(O19="","",ROUND(O19*$P$11,2)),"") | V19: =IF(COUNT($Q19:$U19)=0,"",SUM($Q19:$U19)) | W19: =IFERROR(IF(V19="","",ROUND((V19/$V$11)*50+50,2)),"") | X19: =IFERROR(IF(W19="","",ROUND(W19*$X$11,2)),"") | Z19: =IFERROR(IF(Y19="","",ROUND((Y19/$Y$11)*50+50,2)),"") | AA19: =IFERROR(IF(Z19="","",ROUND(Z19*$AA$11,2)),"") | AB19: =IFERROR(ROUND(P19+X19+AA19,0),"")
B20: 9 | C20: =DATA!D20 -> 0 | N20: =IF(COUNT($D20:$M20)=0,"",SUM($D20:$M20)) | O20: =IFERROR(IF(N20="","",ROUND((N20/$N$11)*50+50,2)),"") | P20: =IFERROR(IF(O20="","",ROUND(O20*$P$11,2)),"") | V20: =IF(COUNT($Q20:$U20)=0,"",SUM($Q20:$U20)) | W20: =IFERROR(IF(V20="","",ROUND((V20/$V$11)*50+50,2)),"") | X20: =IFERROR(IF(W20="","",ROUND(W20*$X$11,2)),"") | Z20: =IFERROR(IF(Y20="","",ROUND((Y20/$Y$11)*50+50,2)),"") | AA20: =IFERROR(IF(Z20="","",ROUND(Z20*$AA$11,2)),"") | AB20: =IFERROR(ROUND(P20+X20+AA20,0),"")
B21: 10 | C21: =DATA!D21 -> 0 | N21: =IF(COUNT($D21:$M21)=0,"",SUM($D21:$M21)) | O21: =IFERROR(IF(N21="","",ROUND((N21/$N$11)*50+50,2)),"") | P21: =IFERROR(IF(O21="","",ROUND(O21*$P$11,2)),"") | V21: =IF(COUNT($Q21:$U21)=0,"",SUM($Q21:$U21)) | W21: =IFERROR(IF(V21="","",ROUND((V21/$V$11)*50+50,2)),"") | X21: =IFERROR(IF(W21="","",ROUND(W21*$X$11,2)),"") | Z21: =IFERROR(IF(Y21="","",ROUND((Y21/$Y$11)*50+50,2)),"") | AA21: =IFERROR(IF(Z21="","",ROUND(Z21*$AA$11,2)),"") | AB21: =IFERROR(ROUND(P21+X21+AA21,0),"")
B22: 11 | C22: =DATA!D22 -> 0 | N22: =IF(COUNT($D22:$M22)=0,"",SUM($D22:$M22)) | O22: =IFERROR(IF(N22="","",ROUND((N22/$N$11)*50+50,2)),"") | P22: =IFERROR(IF(O22="","",ROUND(O22*$P$11,2)),"") | V22: =IF(COUNT($Q22:$U22)=0,"",SUM($Q22:$U22)) | W22: =IFERROR(IF(V22="","",ROUND((V22/$V$11)*50+50,2)),"") | X22: =IFERROR(IF(W22="","",ROUND(W22*$X$11,2)),"") | Z22: =IFERROR(IF(Y22="","",ROUND((Y22/$Y$11)*50+50,2)),"") | AA22: =IFERROR(IF(Z22="","",ROUND(Z22*$AA$11,2)),"") | AB22: =IFERROR(ROUND(P22+X22+AA22,0),"")
B23: 12 | C23: =DATA!D23 -> 0 | N23: =IF(COUNT($D23:$M23)=0,"",SUM($D23:$M23)) | O23: =IFERROR(IF(N23="","",ROUND((N23/$N$11)*50+50,2)),"") | P23: =IFERROR(IF(O23="","",ROUND(O23*$P$11,2)),"") | V23: =IF(COUNT($Q23:$U23)=0,"",SUM($Q23:$U23)) | W23: =IFERROR(IF(V23="","",ROUND((V23/$V$11)*50+50,2)),"") | X23: =IFERROR(IF(W23="","",ROUND(W23*$X$11,2)),"") | Z23: =IFERROR(IF(Y23="","",ROUND((Y23/$Y$11)*50+50,2)),"") | AA23: =IFERROR(IF(Z23="","",ROUND(Z23*$AA$11,2)),"") | AB23: =IFERROR(ROUND(P23+X23+AA23,0),"")
... B111: 100 | C111: =DATA!D111 -> 0 | N111: =IF(COUNT($D111:$M111)=0,"",SUM($D111:$M111)) | O111: =IFERROR(IF(N111="","",ROUND((N111/$N$11)*50+50,2)),"") | P111: =IFERROR(IF(O111="","",ROUND(O111*$P$11,2)),"") | V111: =IF(COUNT($Q111:$U111)=0,"",SUM($Q111:$U111)) | W111: =IFERROR(IF(V111="","",ROUND((V111/$V$11)*50+50,2)),"") | X111: =IFERROR(IF(W111="","",ROUND(W111*$X$11,2)),"") | Z111: =IFERROR(IF(Y111="","",ROUND((Y111/$Y$11)*50+50,2)),"") | AA111: =IFERROR(IF(Z111="","",ROUND(Z111*$AA$11,2)),"") | AB111: =IFERROR(ROUND(P111+X111+AA111,0),"")

Sheet FINAL TERM
I2: CLASS RECORD
I3: (PER BOR RESOLUTION NO. 48 s. 2024)
B5: COURSE CODE & TITLE: | D5: =DATA!D5 -> 0 | M5: CLASS SCHEDULE: | Q5: =DATA!I5 -> 0 | W5: SCHOOL YEAR: | Z5: =DATA!R5 -> 0
B6: PROGRAM: | D6: =DATA!D6 -> 0 | M6: SCHEDULE ID: | Q6: =DATA!I6 -> 0 | W6: SEMESTER: | Z6: =DATA!R6 -> 0
B7: CLASS SECTION: | D7: =DATA!D7 -> 0 | M7: DEPARTMENT: | Q7: =DATA!I7 -> CCIS | W7: PROFESSOR: | Z7: =DATA!R7 -> 0
C9: =IF(DATA!C9=1,"CATEGORY A",IF(DATA!C9=2,"CATEGORY B",IF(DATA!C9=3,"CATEGORY C"))) -> CATEGORY A | D9: =IF(DATA!C9=1,"CLASS STANDING (20%)",IF(DATA!C9=2,"CLASS STANDING (30%)",IF(DATA!C9=3,"CLASS STANDING (20%)"))) -> CLASS STANDING (20%) | Q9: =IF(DATA!C9=1,"MAJOR COURSE OUTPUT (50%)",IF(DATA!C9=2,"MAJOR COURSE OUTPUT (40%)",IF(DATA!C9=3,"MAJOR COURSE OUTPUT (60%)"))) -> MAJOR COURSE OUTPUT (50%) | Y9: =IF(DATA!C9=1,"MAJOR EXAM (30%)",IF(DATA!C9=2,"MAJOR EXAM (30%)",IF(DATA!C9=3,"MAJOR EXAM (20%)"))) -> MAJOR EXAM (30%) | AB9: FINAL TERM
B10: NO. | C10: STUDENT'S NAME | D10: 1 | E10: 2 | F10: 3 | G10: 4 | H10: 5 | I10: 6 | J10: 7 | K10: 8 | L10: 9 | M10: 10 | N10: TOTAL | O10: TS | P10: WS | Q10: 1 | R10: 2 | S10: 3 | T10: 4 | U10: 5 | V10: TOTAL | W10: TS | X10: WS | Y10: 1 | Z10: TS | AA10: WS | AB10: GRADE
N11: =IF(COUNT($D11:$M11)=0,"",SUM($D11:$M11)) | P11: =IF(DATA!C9=1,"20%",IF(DATA!C9=2,"30%",IF(DATA!C9=3,"20%"))) -> 20% | V11: =IF(COUNT($Q11:$U11)=0,"",SUM($Q11:$U11)) | X11: =IF(DATA!C9=1,"50%",IF(DATA!C9=2,"40%",IF(DATA!C9=3,"60%"))) -> 50% | AA11: =IF(DATA!C9=1,"30%",IF(DATA!C9=2,"30%",IF(DATA!C9=3,"20%"))) -> 30%
B12: 1 | C12: =DATA!D12 -> 0 | N12: =IF(COUNT($D12:$M12)=0,"",SUM($D12:$M12)) | O12: =IFERROR(IF(N12="","",ROUND((N12/$N$11)*50+50,2)),"") | P12: =IFERROR(IF(O12="","",ROUND(O12*$P$11,2)),"") | V12: =IF(COUNT($Q12:$U12)=0,"",SUM($Q12:$U12)) | W12: =IFERROR(IF(V12="","",ROUND((V12/$V$11)*50+50,2)),"") | X12: =IFERROR(IF(W12="","",ROUND(W12*$X$11,2)),"") | Z12: =IFERROR(IF(Y12="","",ROUND((Y12/$Y$11)*50+50,2)),"") | AA12: =IFERROR(IF(Z12="","",ROUND(Z12*$AA$11,2)),"") | AB12: =IFERROR(ROUND(P12+X12+AA12,0),"")
B13: 2 | C13: =DATA!D13 -> 0 | N13: =IF(COUNT($D13:$M13)=0,"",SUM($D13:$M13)) | O13: =IFERROR(IF(N13="","",ROUND((N13/$N$11)*50+50,2)),"") | P13: =IFERROR(IF(O13="","",ROUND(O13*$P$11,2)),"") | V13: =IF(COUNT($Q13:$U13)=0,"",SUM($Q13:$U13)) | W13: =IFERROR(IF(V13="","",ROUND((V13/$V$11)*50+50,2)),"") | X13: =IFERROR(IF(W13="","",ROUND(W13*$X$11,2)),"") | Z13: =IFERROR(IF(Y13="","",ROUND((Y13/$Y$11)*50+50,2)),"") | AA13: =IFERROR(IF(Z13="","",ROUND(Z13*$AA$11,2)),"") | AB13: =IFERROR(ROUND(P13+X13+AA13,0),"")
B14: 3 | C14: =DATA!D14 -> 0 | N14: =IF(COUNT($D14:$M14)=0,"",SUM($D14:$M14)) | O14: =IFERROR(IF(N14="","",ROUND((N14/$N$11)*50+50,2)),"") | P14: =IFERROR(IF(O14="","",ROUND(O14*$P$11,2)),"") | V14: =IF(COUNT($Q14:$U14)=0,"",SUM($Q14:$U14)) | W14: =IFERROR(IF(V14="","",ROUND((V14/$V$11)*50+50,2)),"") | X14: =IFERROR(IF(W14="","",ROUND(W14*$X$11,2)),"") | Z14: =IFERROR(IF(Y14="","",ROUND((Y14/$Y$11)*50+50,2)),"") | AA14: =IFERROR(IF(Z14="","",ROUND(Z14*$AA$11,2)),"") | AB14: =IFERROR(ROUND(P14+X14+AA14,0),"")
B15: 4 | C15: =DATA!D15 -> 0 | N15: =IF(COUNT($D15:$M15)=0,"",SUM($D15:$M15)) | O15: =IFERROR(IF(N15="","",ROUND((N15/$N$11)*50+50,2)),"") | P15: =IFERROR(IF(O15="","",ROUND(O15*$P$11,2)),"") | V15: =IF(COUNT($Q15:$U15)=0,"",SUM($Q15:$U15)) | W15: =IFERROR(IF(V15="","",ROUND((V15/$V$11)*50+50,2)),"") | X15: =IFERROR(IF(W15="","",ROUND(W15*$X$11,2)),"") | Z15: =IFERROR(IF(Y15="","",ROUND((Y15/$Y$11)*50+50,2)),"") | AA15: =IFERROR(IF(Z15="","",ROUND(Z15*$AA$11,2)),"") | AB15: =IFERROR(ROUND(P15+X15+AA15,0),"")
B16: 5 | C16: =DATA!D16 -> 0 | N16: =IF(COUNT($D16:$M16)=0,"",SUM($D16:$M16)) | O16: =IFERROR(IF(N16="","",ROUND((N16/$N$11)*50+50,2)),"") | P16: =IFERROR(IF(O16="","",ROUND(O16*$P$11,2)),"") | V16: =IF(COUNT($Q16:$U16)=0,"",SUM($Q16:$U16)) | W16: =IFERROR(IF(V16="","",ROUND((V16/$V$11)*50+50,2)),"") | X16: =IFERROR(IF(W16="","",ROUND(W16*$X$11,2)),"") | Z16: =IFERROR(IF(Y16="","",ROUND((Y16/$Y$11)*50+50,2)),"") | AA16: =IFERROR(IF(Z16="","",ROUND(Z16*$AA$11,2)),"") | AB16: =IFERROR(ROUND(P16+X16+AA16,0),"")
B17: 6 | C17: =DATA!D17 -> 0 | N17: =IF(COUNT($D17:$M17)=0,"",SUM($D17:$M17)) | O17: =IFERROR(IF(N17="","",ROUND((N17/$N$11)*50+50,2)),"") | P17: =IFERROR(IF(O17="","",ROUND(O17*$P$11,2)),"") | V17: =IF(COUNT($Q17:$U17)=0,"",SUM($Q17:$U17)) | W17: =IFERROR(IF(V17="","",ROUND((V17/$V$11)*50+50,2)),"") | X17: =IFERROR(IF(W17="","",ROUND(W17*$X$11,2)),"") | Z17: =IFERROR(IF(Y17="","",ROUND((Y17/$Y$11)*50+50,2)),"") | AA17: =IFERROR(IF(Z17="","",ROUND(Z17*$AA$11,2)),"") | AB17: =IFERROR(ROUND(P17+X17+AA17,0),"")
B18: 7 | C18: =DATA!D18 -> 0 | N18: =IF(COUNT($D18:$M18)=0,"",SUM($D18:$M18)) | O18: =IFERROR(IF(N18="","",ROUND((N18/$N$11)*50+50,2)),"") | P18: =IFERROR(IF(O18="","",ROUND(O18*$P$11,2)),"") | V18: =IF(COUNT($Q18:$U18)=0,"",SUM($Q18:$U18)) | W18: =IFERROR(IF(V18="","",ROUND((V18/$V$11)*50+50,2)),"") | X18: =IFERROR(IF(W18="","",ROUND(W18*$X$11,2)),"") | Z18: =IFERROR(IF(Y18="","",ROUND((Y18/$Y$11)*50+50,2)),"") | AA18: =IFERROR(IF(Z18="","",ROUND(Z18*$AA$11,2)),"") | AB18: =IFERROR(ROUND(P18+X18+AA18,0),"")
B19: 8 | C19: =DATA!D19 -> 0 | N19: =IF(COUNT($D19:$M19)=0,"",SUM($D19:$M19)) | O19: =IFERROR(IF(N19="","",ROUND((N19/$N$11)*50+50,2)),"") | P19: =IFERROR(IF(O19="","",ROUND(O19*$P$11,2)),"") | V19: =IF(COUNT($Q19:$U19)=0,"",SUM($Q19:$U19)) | W19: =IFERROR(IF(V19="","",ROUND((V19/$V$11)*50+50,2)),"") | X19: =IFERROR(IF(W19="","",ROUND(W19*$X$11,2)),"") | Z19: =IFERROR(IF(Y19="","",ROUND((Y19/$Y$11)*50+50,2)),"") | AA19: =IFERROR(IF(Z19="","",ROUND(Z19*$AA$11,2)),"") | AB19: =IFERROR(ROUND(P19+X19+AA19,0),"")
B20: 9 | C20: =DATA!D20 -> 0 | N20: =IF(COUNT($D20:$M20)=0,"",SUM($D20:$M20)) | O20: =IFERROR(IF(N20="","",ROUND((N20/$N$11)*50+50,2)),"") | P20: =IFERROR(IF(O20="","",ROUND(O20*$P$11,2)),"") | V20: =IF(COUNT($Q20:$U20)=0,"",SUM($Q20:$U20)) | W20: =IFERROR(IF(V20="","",ROUND((V20/$V$11)*50+50,2)),"") | X20: =IFERROR(IF(W20="","",ROUND(W20*$X$11,2)),"") | Z20: =IFERROR(IF(Y20="","",ROUND((Y20/$Y$11)*50+50,2)),"") | AA20: =IFERROR(IF(Z20="","",ROUND(Z20*$AA$11,2)),"") | AB20: =IFERROR(ROUND(P20+X20+AA20,0),"")
B21: 10 | C21: =DATA!D21 -> 0 | N21: =IF(COUNT($D21:$M21)=0,"",SUM($D21:$M21)) | O21: =IFERROR(IF(N21="","",ROUND((N21/$N$11)*50+50,2)),"") | P21: =IFERROR(IF(O21="","",ROUND(O21*$P$11,2)),"") | V21: =IF(COUNT($Q21:$U21)=0,"",SUM($Q21:$U21)) | W21: =IFERROR(IF(V21="","",ROUND((V21/$V$11)*50+50,2)),"") | X21: =IFERROR(IF(W21="","",ROUND(W21*$X$11,2)),"") | Z21: =IFERROR(IF(Y21="","",ROUND((Y21/$Y$11)*50+50,2)),"") | AA21: =IFERROR(IF(Z21="","",ROUND(Z21*$AA$11,2)),"") | AB21: =IFERROR(ROUND(P21+X21+AA21,0),"")
B22: 11 | C22: =DATA!D22 -> 0 | N22: =IF(COUNT($D22:$M22)=0,"",SUM($D22:$M22)) | O22: =IFERROR(IF(N22="","",ROUND((N22/$N$11)*50+50,2)),"") | P22: =IFERROR(IF(O22="","",ROUND(O22*$P$11,2)),"") | V22: =IF(COUNT($Q22:$U22)=0,"",SUM($Q22:$U22)) | W22: =IFERROR(IF(V22="","",ROUND((V22/$V$11)*50+50,2)),"") | X22: =IFERROR(IF(W22="","",ROUND(W22*$X$11,2)),"") | Z22: =IFERROR(IF(Y22="","",ROUND((Y22/$Y$11)*50+50,2)),"") | AA22: =IFERROR(IF(Z22="","",ROUND(Z22*$AA$11,2)),"") | AB22: =IFERROR(ROUND(P22+X22+AA22,0),"")
B23: 12 | C23: =DATA!D23 -> 0 | N23: =IF(COUNT($D23:$M23)=0,"",SUM($D23:$M23)) | O23: =IFERROR(IF(N23="","",ROUND((N23/$N$11)*50+50,2)),"") | P23: =IFERROR(IF(O23="","",ROUND(O23*$P$11,2)),"") | V23: =IF(COUNT($Q23:$U23)=0,"",SUM($Q23:$U23)) | W23: =IFERROR(IF(V23="","",ROUND((V23/$V$11)*50+50,2)),"") | X23: =IFERROR(IF(W23="","",ROUND(W23*$X$11,2)),"") | Z23: =IFERROR(IF(Y23="","",ROUND((Y23/$Y$11)*50+50,2)),"") | AA23: =IFERROR(IF(Z23="","",ROUND(Z23*$AA$11,2)),"") | AB23: =IFERROR(ROUND(P23+X23+AA23,0),"")
... B111: 100 | C111: =DATA!D111 -> 0 | N111: =IF(COUNT($D111:$M111)=0,"",SUM($D111:$M111)) | O111: =IFERROR(IF(N111="","",ROUND((N111/$N$11)*50+50,2)),"") | P111: =IFERROR(IF(O111="","",ROUND(O111*$P$11,2)),"") | V111: =IF(COUNT($Q111:$U111)=0,"",SUM($Q111:$U111)) | W111: =IFERROR(IF(V111="","",ROUND((V111/$V$11)*50+50,2)),"") | X111: =IFERROR(IF(W111="","",ROUND(W111*$X$11,2)),"") | Z111: =IFERROR(IF(Y111="","",ROUND((Y111/$Y$11)*50+50,2)),"") | AA111: =IFERROR(IF(Z111="","",ROUND(Z111*$AA$11,2)),"") | AB111: =IFERROR(ROUND(P111+X111+AA111,0),"")

Sheet FINAL GRADE
B3: GRADE SHEET
B5: COURSE: | D5: =DATA!D5 -> 0 | E5: CLASS SCHEDULE: | G5: =DATA!I5 -> 0 | H5: SCHOOL YR: | I5: =DATA!R5 -> 0
B6: PROGRAM: | D6: =DATA!D6 -> 0 | E6: SCHEDULE ID: | G6: =DATA!I6 -> 0 | H6: SEMESTER: | I6: =DATA!R6 -> 0
B7: CLASS SECTION: | D7: =DATA!D7 -> 0 | E7: DEPARTMENT: | G7: =DATA!I7 -> CCIS | H7: PROFESSOR: | I7: =DATA!R7 -> 0
B10: NO. | C10: STUDENT NO. | D10: STUDENT'S NAME | E10: MIDTERM GRADE | F10: FINAL TERM GRADE | G10: FINAL GRADE | H10: POINT GRADE | I10: REMARKS
B12: 1 | C12: =DATA!C12 -> 0 | D12: =DATA!D12 -> 0 | E12: =MIDTERM!AB12 | F12: ='FINAL TERM'!AB12 | H12: =IF(G12="","",IF(G12=100,"1.00",IF(G12=99,"1.00",IF(G12=98,"1.00",IF(G12=97,"1.00",IF(G12=96,"1.00",IF(G12=96,"1.00",IF(G12=95,"1.00",IF(G12=94,"1.10",IF(G12=93,"1.20",IF(G12=92,"1.30",IF(G12=91,"1.40",IF(G12=90,"1.50",IF(G12=89,"1.60",IF(G12=88,"1.70",IF(G12=87,"1.80",IF(G12=86,"1.90",IF(G12=85,"2.00",IF(G12=84,"2.10",IF(G12=83,"2.20",IF(G12=82,"2.30",IF(G12=81,"2.40",IF(G12=80,"2.50",IF(G12=79,"2.60",IF(G12=78,"2.70",IF(G12=77,"2.80",IF(G12=76,"2.90",IF(G12=75,"3.00",IF(G12<75,"5.00"))))))))))))))))))))))))))))) | I12: =IF(OR($E12="",F12="",$G12=""),"",IF($G12>=75,"PASSED","FAILED"))
B13: 2 | C13: =DATA!C13 -> 0 | D13: =DATA!D13 -> 0 | E13: =MIDTERM!AB13 | F13: ='FINAL TERM'!AB13 | G13: =IF(OR(E13="",F13=""),"",IF(ISERROR(ROUND(AVERAGE(E13,F13),0)),"",ROUND(AVERAGE(E13,F13),0))) | H13: =IF(G13="","",IF(G13=100,"1.00",IF(G13=99,"1.00",IF(G13=98,"1.00",IF(G13=97,"1.00",IF(G13=96,"1.00",IF(G13=96,"1.00",IF(G13=95,"1.00",IF(G13=94,"1.10",IF(G13=93,"1.20",IF(G13=92,"1.30",IF(G13=91,"1.40",IF(G13=90,"1.50",IF(G13=89,"1.60",IF(G13=88,"1.70",IF(G13=87,"1.80",IF(G13=86,"1.90",IF(G13=85,"2.00",IF(G13=84,"2.10",IF(G13=83,"2.20",IF(G13=82,"2.30",IF(G13=81,"2.40",IF(G13=80,"2.50",IF(G13=79,"2.60",IF(G13=78,"2.70",IF(G13=77,"2.80",IF(G13=76,"2.90",IF(G13=75,"3.00",IF(G13<75,"5.00"))))))))))))))))))))))))))))) | I13: =IF(OR($E13="",F13="",$G13=""),"",IF($G13>=75,"PASSED","FAILED"))
B14: 3 | C14: =DATA!C14 -> 0 | D14: =DATA!D14 -> 0 | E14: =MIDTERM!AB14 | F14: ='FINAL TERM'!AB14 | G14: =IF(OR(E14="",F14=""),"",IF(ISERROR(ROUND(AVERAGE(E14,F14),0)),"",ROUND(AVERAGE(E14,F14),0))) | H14: =IF(G14="","",IF(G14=100,"1.00",IF(G14=99,"1.00",IF(G14=98,"1.00",IF(G14=97,"1.00",IF(G14=96,"1.00",IF(G14=96,"1.00",IF(G14=95,"1.00",IF(G14=94,"1.10",IF(G14=93,"1.20",IF(G14=92,"1.30",IF(G14=91,"1.40",IF(G14=90,"1.50",IF(G14=89,"1.60",IF(G14=88,"1.70",IF(G14=87,"1.80",IF(G14=86,"1.90",IF(G14=85,"2.00",IF(G14=84,"2.10",IF(G14=83,"2.20",IF(G14=82,"2.30",IF(G14=81,"2.40",IF(G14=80,"2.50",IF(G14=79,"2.60",IF(G14=78,"2.70",IF(G14=77,"2.80",IF(G14=76,"2.90",IF(G14=75,"3.00",IF(G14<75,"5.00"))))))))))))))))))))))))))))) | I14: =IF(OR($E14="",F14="",$G14=""),"",IF($G14>=75,"PASSED","FAILED"))
B15: 4 | C15: =DATA!C15 -> 0 | D15: =DATA!D15 -> 0 | E15: =MIDTERM!AB15 | F15: ='FINAL TERM'!AB15 | G15: =IF(OR(E15="",F15=""),"",IF(ISERROR(ROUND(AVERAGE(E15,F15),0)),"",ROUND(AVERAGE(E15,F15),0))) | H15: =IF(G15="","",IF(G15=100,"1.00",IF(G15=99,"1.00",IF(G15=98,"1.00",IF(G15=97,"1.00",IF(G15=96,"1.00",IF(G15=96,"1.00",IF(G15=95,"1.00",IF(G15=94,"1.10",IF(G15=93,"1.20",IF(G15=92,"1.30",IF(G15=91,"1.40",IF(G15=90,"1.50",IF(G15=89,"1.60",IF(G15=88,"1.70",IF(G15=87,"1.80",IF(G15=86,"1.90",IF(G15=85,"2.00",IF(G15=84,"2.10",IF(G15=83,"2.20",IF(G15=82,"2.30",IF(G15=81,"2.40",IF(G15=80,"2.50",IF(G15=79,"2.60",IF(G15=78,"2.70",IF(G15=77,"2.80",IF(G15=76,"2.90",IF(G15=75,"3.00",IF(G15<75,"5.00"))))))))))))))))))))))))))))) | I15: =IF(OR($E15="",F15="",$G15=""),"",IF($G15>=75,"PASSED","FAILED"))
B16: 5 | C16: =DATA!C16 -> 0 | D16: =DATA!D16 -> 0 | E16: =MIDTERM!AB16 | F16: ='FINAL TERM'!AB16 | G16: =IF(OR(E16="",F16=""),"",IF(ISERROR(ROUND(AVERAGE(E16,F16),0)),"",ROUND(AVERAGE(E16,F16),0))) | H16: =IF(G16="","",IF(G16=100,"1.00",IF(G16=99,"1.00",IF(G16=98,"1.00",IF(G16=97,"1.00",IF(G16=96,"1.00",IF(G16=96,"1.00",IF(G16=95,"1.00",IF(G16=94,"1.10",IF(G16=93,"1.20",IF(G16=92,"1.30",IF(G16=91,"1.40",IF(G16=90,"1.50",IF(G16=89,"1.60",IF(G16=88,"1.70",IF(G16=87,"1.80",IF(G16=86,"1.90",IF(G16=85,"2.00",IF(G16=84,"2.10",IF(G16=83,"2.20",IF(G16=82,"2.30",IF(G16=81,"2.40",IF(G16=80,"2.50",IF(G16=79,"2.60",IF(G16=78,"2.70",IF(G16=77,"2.80",IF(G16=76,"2.90",IF(G16=75,"3.00",IF(G16<75,"5.00"))))))))))))))))))))))))))))) | I16: =IF(OR($E16="",F16="",$G16=""),"",IF($G16>=75,"PASSED","FAILED"))
B17: 6 | C17: =DATA!C17 -> 0 | D17: =DATA!D17 -> 0 | E17: =MIDTERM!AB17 | F17: ='FINAL TERM'!AB17 | G17: =IF(OR(E17="",F17=""),"",IF(ISERROR(ROUND(AVERAGE(E17,F17),0)),"",ROUND(AVERAGE(E17,F17),0))) | H17: =IF(G17="","",IF(G17=100,"1.00",IF(G17=99,"1.00",IF(G17=98,"1.00",IF(G17=97,"1.00",IF(G17=96,"1.00",IF(G17=96,"1.00",IF(G17=95,"1.00",IF(G17=94,"1.10",IF(G17=93,"1.20",IF(G17=92,"1.30",IF(G17=91,"1.40",IF(G17=90,"1.50",IF(G17=89,"1.60",IF(G17=88,"1.70",IF(G17=87,"1.80",IF(G17=86,"1.90",IF(G17=85,"2.00",IF(G17=84,"2.10",IF(G17=83,"2.20",IF(G17=82,"2.30",IF(G17=81,"2.40",IF(G17=80,"2.50",IF(G17=79,"2.60",IF(G17=78,"2.70",IF(G17=77,"2.80",IF(G17=76,"2.90",IF(G17=75,"3.00",IF(G17<75,"5.00"))))))))))))))))))))))))))))) | I17: =IF(OR($E17="",F17="",$G17=""),"",IF($G17>=75,"PASSED","FAILED"))
B18: 7 | C18: =DATA!C18 -> 0 | D18: =DATA!D18 -> 0 | E18: =MIDTERM!AB18 | F18: ='FINAL TERM'!AB18 | G18: =IF(OR(E18="",F18=""),"",IF(ISERROR(ROUND(AVERAGE(E18,F18),0)),"",ROUND(AVERAGE(E18,F18),0))) | H18: =IF(G18="","",IF(G18=100,"1.00",IF(G18=99,"1.00",IF(G18=98,"1.00",IF(G18=97,"1.00",IF(G18=96,"1.00",IF(G18=96,"1.00",IF(G18=95,"1.00",IF(G18=94,"1.10",IF(G18=93,"1.20",IF(G18=92,"1.30",IF(G18=91,"1.40",IF(G18=90,"1.50",IF(G18=89,"1.60",IF(G18=88,"1.70",IF(G18=87,"1.80",IF(G18=86,"1.90",IF(G18=85,"2.00",IF(G18=84,"2.10",IF(G18=83,"2.20",IF(G18=82,"2.30",IF(G18=81,"2.40",IF(G18=80,"2.50",IF(G18=79,"2.60",IF(G18=78,"2.70",IF(G18=77,"2.80",IF(G18=76,"2.90",IF(G18=75,"3.00",IF(G18<75,"5.00"))))))))))))))))))))))))))))) | I18: =IF(OR($E18="",F18="",$G18=""),"",IF($G18>=75,"PASSED","FAILED"))
B19: 8 | C19: =DATA!C19 -> 0 | D19: =DATA!D19 -> 0 | E19: =MIDTERM!AB19 | F19: ='FINAL TERM'!AB19 | G19: =IF(OR(E19="",F19=""),"",IF(ISERROR(ROUND(AVERAGE(E19,F19),0)),"",ROUND(AVERAGE(E19,F19),0))) | H19: =IF(G19="","",IF(G19=100,"1.00",IF(G19=99,"1.00",IF(G19=98,"1.00",IF(G19=97,"1.00",IF(G19=96,"1.00",IF(G19=96,"1.00",IF(G19=95,"1.00",IF(G19=94,"1.10",IF(G19=93,"1.20",IF(G19=92,"1.30",IF(G19=91,"1.40",IF(G19=90,"1.50",IF(G19=89,"1.60",IF(G19=88,"1.70",IF(G19=87,"1.80",IF(G19=86,"1.90",IF(G19=85,"2.00",IF(G19=84,"2.10",IF(G19=83,"2.20",IF(G19=82,"2.30",IF(G19=81,"2.40",IF(G19=80,"2.50",IF(G19=79,"2.60",IF(G19=78,"2.70",IF(G19=77,"2.80",IF(G19=76,"2.90",IF(G19=75,"3.00",IF(G19<75,"5.00"))))))))))))))))))))))))))))) | I19: =IF(OR($E19="",F19="",$G19=""),"",IF($G19>=75,"PASSED","FAILED"))
B20: 9 | C20: =DATA!C20 -> 0 | D20: =DATA!D20 -> 0 | E20: =MIDTERM!AB20 | F20: ='FINAL TERM'!AB20 | G20: =IF(OR(E20="",F20=""),"",IF(ISERROR(ROUND(AVERAGE(E20,F20),0)),"",ROUND(AVERAGE(E20,F20),0))) | H20: =IF(G20="","",IF(G20=100,"1.00",IF(G20=99,"1.00",IF(G20=98,"1.00",IF(G20=97,"1.00",IF(G20=96,"1.00",IF(G20=96,"1.00",IF(G20=95,"1.00",IF(G20=94,"1.10",IF(G20=93,"1.20",IF(G20=92,"1.30",IF(G20=91,"1.40",IF(G20=90,"1.50",IF(G20=89,"1.60",IF(G20=88,"1.70",IF(G20=87,"1.80",IF(G20=86,"1.90",IF(G20=85,"2.00",IF(G20=84,"2.10",IF(G20=83,"2.20",IF(G20=82,"2.30",IF(G20=81,"2.40",IF(G20=80,"2.50",IF(G20=79,"2.60",IF(G20=78,"2.70",IF(G20=77,"2.80",IF(G20=76,"2.90",IF(G20=75,"3.00",IF(G20<75,"5.00"))))))))))))))))))))))))))))) | I20: =IF(OR($E20="",F20="",$G20=""),"",IF($G20>=75,"PASSED","FAILED"))
B21: 10 | C21: =DATA!C21 -> 0 | D21: =DATA!D21 -> 0 | E21: =MIDTERM!AB21 | F21: ='FINAL TERM'!AB21 | G21: =IF(OR(E21="",F21=""),"",IF(ISERROR(ROUND(AVERAGE(E21,F21),0)),"",ROUND(AVERAGE(E21,F21),0))) | H21: =IF(G21="","",IF(G21=100,"1.00",IF(G21=99,"1.00",IF(G21=98,"1.00",IF(G21=97,"1.00",IF(G21=96,"1.00",IF(G21=96,"1.00",IF(G21=95,"1.00",IF(G21=94,"1.10",IF(G21=93,"1.20",IF(G21=92,"1.30",IF(G21=91,"1.40",IF(G21=90,"1.50",IF(G21=89,"1.60",IF(G21=88,"1.70",IF(G21=87,"1.80",IF(G21=86,"1.90",IF(G21=85,"2.00",IF(G21=84,"2.10",IF(G21=83,"2.20",IF(G21=82,"2.30",IF(G21=81,"2.40",IF(G21=80,"2.50",IF(G21=79,"2.60",IF(G21=78,"2.70",IF(G21=77,"2.80",IF(G21=76,"2.90",IF(G21=75,"3.00",IF(G21<75,"5.00"))))))))))))))))))))))))))))) | I21: =IF(OR($E21="",F21="",$G21=""),"",IF($G21>=75,"PASSED","FAILED"))
B22: 11 | C22: =DATA!C22 -> 0 | D22: =DATA!D22 -> 0 | E22: =MIDTERM!AB22 | F22: ='FINAL TERM'!AB22 | G22: =IF(OR(E22="",F22=""),"",IF(ISERROR(ROUND(AVERAGE(E22,F22),0)),"",ROUND(AVERAGE(E22,F22),0))) | H22: =IF(G22="","",IF(G22=100,"1.00",IF(G22=99,"1.00",IF(G22=98,"1.00",IF(G22=97,"1.00",IF(G22=96,"1.00",IF(G22=96,"1.00",IF(G22=95,"1.00",IF(G22=94,"1.10",IF(G22=93,"1.20",IF(G22=92,"1.30",IF(G22=91,"1.40",IF(G22=90,"1.50",IF(G22=89,"1.60",IF(G22=88,"1.70",IF(G22=87,"1.80",IF(G22=86,"1.90",IF(G22=85,"2.00",IF(G22=84,"2.10",IF(G22=83,"2.20",IF(G22=82,"2.30",IF(G22=81,"2.40",IF(G22=80,"2.50",IF(G22=79,"2.60",IF(G22=78,"2.70",IF(G22=77,"2.80",IF(G22=76,"2.90",IF(G22=75,"3.00",IF(G22<75,"5.00"))))))))))))))))))))))))))))) | I22: =IF(OR($E22="",F22="",$G22=""),"",IF($G22>=75,"PASSED","FAILED"))
B23: 12 | C23: =DATA!C23 -> 0 | D23: =DATA!D23 -> 0 | E23: =MIDTERM!AB23 | F23: ='FINAL TERM'!AB23 | G23: =IF(OR(E23="",F23=""),"",IF(ISERROR(ROUND(AVERAGE(E23,F23),0)),"",ROUND(AVERAGE(E23,F23),0))) | H23: =IF(G23="","",IF(G23=100,"1.00",IF(G23=99,"1.00",IF(G23=98,"1.00",IF(G23=97,"1.00",IF(G23=96,"1.00",IF(G23=96,"1.00",IF(G23=95,"1.00",IF(G23=94,"1.10",IF(G23=93,"1.20",IF(G23=92,"1.30",IF(G23=91,"1.40",IF(G23=90,"1.50",IF(G23=89,"1.60",IF(G23=88,"1.70",IF(G23=87,"1.80",IF(G23=86,"1.90",IF(G23=85,"2.00",IF(G23=84,"2.10",IF(G23=83,"2.20",IF(G23=82,"2.30",IF(G23=81,"2.40",IF(G23=80,"2.50",IF(G23=79,"2.60",IF(G23=78,"2.70",IF(G23=77,"2.80",IF(G23=76,"2.90",IF(G23=75,"3.00",IF(G23<75,"5.00"))))))))))))))))))))))))))))) | I23: =IF(OR($E23="",F23="",$G23=""),"",IF($G23>=75,"PASSED","FAILED"))
B24: 13 | C24: =DATA!C24 -> 0 | D24: =DATA!D24 -> 0 | E24: =MIDTERM!AB24 | F24: ='FINAL TERM'!AB24 | G24: =IF(OR(E24="",F24=""),"",IF(ISERROR(ROUND(AVERAGE(E24,F24),0)),"",ROUND(AVERAGE(E24,F24),0))) | H24: =IF(G24="","",IF(G24=100,"1.00",IF(G24=99,"1.00",IF(G24=98,"1.00",IF(G24=97,"1.00",IF(G24=96,"1.00",IF(G24=96,"1.00",IF(G24=95,"1.00",IF(G24=94,"1.10",IF(G24=93,"1.20",IF(G24=92,"1.30",IF(G24=91,"1.40",IF(G24=90,"1.50",IF(G24=89,"1.60",IF(G24=88,"1.70",IF(G24=87,"1.80",IF(G24=86,"1.90",IF(G24=85,"2.00",IF(G24=84,"2.10",IF(G24=83,"2.20",IF(G24=82,"2.30",IF(G24=81,"2.40",IF(G24=80,"2.50",IF(G24=79,"2.60",IF(G24=78,"2.70",IF(G24=77,"2.80",IF(G24=76,"2.90",IF(G24=75,"3.00",IF(G24<75,"5.00"))))))))))))))))))))))))))))) | I24: =IF(OR($E24="",F24="",$G24=""),"",IF($G24>=75,"PASSED","FAILED"))
... B63: 52 | C63: =DATA!C63 -> 0 | D63: =DATA!D63 -> 0 | E63: =MIDTERM!AB63 | F63: ='FINAL TERM'!AB63 | G63: =IF(OR(E63="",F63=""),"",IF(ISERROR(ROUND(AVERAGE(E63,F63),0)),"",ROUND(AVERAGE(E63,F63),0))) | H63: =IF(G63="","",IF(G63=100,"1.00",IF(G63=99,"1.00",IF(G63=98,"1.00",IF(G63=97,"1.00",IF(G63=96,"1.00",IF(G63=96,"1.00",IF(G63=95,"1.00",IF(G63=94,"1.10",IF(G63=93,"1.20",IF(G63=92,"1.30",IF(G63=91,"1.40",IF(G63=90,"1.50",IF(G63=89,"1.60",IF(G63=88,"1.70",IF(G63=87,"1.80",IF(G63=86,"1.90",IF(G63=85,"2.00",IF(G63=84,"2.10",IF(G63=83,"2.20",IF(G63=82,"2.30",IF(G63=81,"2.40",IF(G63=80,"2.50",IF(G63=79,"2.60",IF(G63=78,"2.70",IF(G63=77,"2.80",IF(G63=76,"2.90",IF(G63=75,"3.00",IF(G63<75,"5.00"))))))))))))))))))))))))))))) | I63: =IF(OR($E63="",F63="",$G63=""),"",IF($G63>=75,"PASSED","FAILED"))
B64: 53 | C64: =DATA!C64 -> 0 | D64: =DATA!D64 -> 0 | E64: =MIDTERM!AB81 | F64: ='FINAL TERM'!AB64 | G64: =IF(OR(E64="",F64=""),"",IF(ISERROR(ROUND(AVERAGE(E64,F64),0)),"",ROUND(AVERAGE(E64,F64),0))) | H64: =IF(G64="","",IF(G64=100,"1.00",IF(G64=99,"1.00",IF(G64=98,"1.00",IF(G64=97,"1.00",IF(G64=96,"1.00",IF(G64=96,"1.00",IF(G64=95,"1.00",IF(G64=94,"1.10",IF(G64=93,"1.20",IF(G64=92,"1.30",IF(G64=91,"1.40",IF(G64=90,"1.50",IF(G64=89,"1.60",IF(G64=88,"1.70",IF(G64=87,"1.80",IF(G64=86,"1.90",IF(G64=85,"2.00",IF(G64=84,"2.10",IF(G64=83,"2.20",IF(G64=82,"2.30",IF(G64=81,"2.40",IF(G64=80,"2.50",IF(G64=79,"2.60",IF(G64=78,"2.70",IF(G64=77,"2.80",IF(G64=76,"2.90",IF(G64=75,"3.00",IF(G64<75,"5.00"))))))))))))))))))))))))))))) | I64: =IF(OR($E64="",F64="",$G64=""),"",IF($G64>=75,"PASSED","FAILED"))
B65: 54 | C65: =DATA!C65 -> 0 | D65: =DATA!D65 -> 0 | E65: =MIDTERM!AB82 | F65: ='FINAL TERM'!AB65 | G65: =IF(OR(E65="",F65=""),"",IF(ISERROR(ROUND(AVERAGE(E65,F65),0)),"",ROUND(AVERAGE(E65,F65),0))) | H65: =IF(G65="","",IF(G65=100,"1.00",IF(G65=99,"1.00",IF(G65=98,"1.00",IF(G65=97,"1.00",IF(G65=96,"1.00",IF(G65=96,"1.00",IF(G65=95,"1.00",IF(G65=94,"1.10",IF(G65=93,"1.20",IF(G65=92,"1.30",IF(G65=91,"1.40",IF(G65=90,"1.50",IF(G65=89,"1.60",IF(G65=88,"1.70",IF(G65=87,"1.80",IF(G65=86,"1.90",IF(G65=85,"2.00",IF(G65=84,"2.10",IF(G65=83,"2.20",IF(G65=82,"2.30",IF(G65=81,"2.40",IF(G65=80,"2.50",IF(G65=79,"2.60",IF(G65=78,"2.70",IF(G65=77,"2.80",IF(G65=76,"2.90",IF(G65=75,"3.00",IF(G65<75,"5.00"))))))))))))))))))))))))))))) | I65: =IF(OR($E65="",F65="",$G65=""),"",IF($G65>=75,"PASSED","FAILED"))
B66: 55 | C66: =DATA!C66 -> 0 | D66: =DATA!D66 -> 0 | E66: =MIDTERM!AB66 | F66: ='FINAL TERM'!AB66 | G66: =IF(OR(E66="",F66=""),"",IF(ISERROR(ROUND(AVERAGE(E66,F66),0)),"",ROUND(AVERAGE(E66,F66),0))) | H66: =IF(G66="","",IF(G66=100,"1.00",IF(G66=99,"1.00",IF(G66=98,"1.00",IF(G66=97,"1.00",IF(G66=96,"1.00",IF(G66=96,"1.00",IF(G66=95,"1.00",IF(G66=94,"1.10",IF(G66=93,"1.20",IF(G66=92,"1.30",IF(G66=91,"1.40",IF(G66=90,"1.50",IF(G66=89,"1.60",IF(G66=88,"1.70",IF(G66=87,"1.80",IF(G66=86,"1.90",IF(G66=85,"2.00",IF(G66=84,"2.10",IF(G66=83,"2.20",IF(G66=82,"2.30",IF(G66=81,"2.40",IF(G66=80,"2.50",IF(G66=79,"2.60",IF(G66=78,"2.70",IF(G66=77,"2.80",IF(G66=76,"2.90",IF(G66=75,"3.00",IF(G66<75,"5.00"))))))))))))))))))))))))))))) | I66: =IF(OR($E66="",F66="",$G66=""),"",IF($G66>=75,"PASSED","FAILED"))
B67: 56 | C67: =DATA!C67 -> 0 | D67: =DATA!D67 -> 0 | E67: =MIDTERM!AB67 | F67: ='FINAL TERM'!AB67 | G67: =IF(OR(E67="",F67=""),"",IF(ISERROR(ROUND(AVERAGE(E67,F67),0)),"",ROUND(AVERAGE(E67,F67),0))) | H67: =IF(G67="","",IF(G67=100,"1.00",IF(G67=99,"1.00",IF(G67=98,"1.00",IF(G67=97,"1.00",IF(G67=96,"1.00",IF(G67=96,"1.00",IF(G67=95,"1.00",IF(G67=94,"1.10",IF(G67=93,"1.20",IF(G67=92,"1.30",IF(G67=91,"1.40",IF(G67=90,"1.50",IF(G67=89,"1.60",IF(G67=88,"1.70",IF(G67=87,"1.80",IF(G67=86,"1.90",IF(G67=85,"2.00",IF(G67=84,"2.10",IF(G67=83,"2.20",IF(G67=82,"2.30",IF(G67=81,"2.40",IF(G67=80,"2.50",IF(G67=79,"2.60",IF(G67=78,"2.70",IF(G67=77,"2.80",IF(G67=76,"2.90",IF(G67=75,"3.00",IF(G67<75,"5.00"))))))))))))))))))))))))))))) | I67: =IF(OR($E67="",F67="",$G67=""),"",IF($G67>=75,"PASSED","FAILED"))
B68: 57 | C68: =DATA!C68 -> 0 | D68: =DATA!D68 -> 0 | E68: =MIDTERM!AB68 | F68: ='FINAL TERM'!AB68 | G68: =IF(OR(E68="",F68=""),"",IF(ISERROR(ROUND(AVERAGE(E68,F68),0)),"",ROUND(AVERAGE(E68,F68),0))) | H68: =IF(G68="","",IF(G68=100,"1.00",IF(G68=99,"1.00",IF(G68=98,"1.00",IF(G68=97,"1.00",IF(G68=96,"1.00",IF(G68=96,"1.00",IF(G68=95,"1.00",IF(G68=94,"1.10",IF(G68=93,"1.20",IF(G68=92,"1.30",IF(G68=91,"1.40",IF(G68=90,"1.50",IF(G68=89,"1.60",IF(G68=88,"1.70",IF(G68=87,"1.80",IF(G68=86,"1.90",IF(G68=85,"2.00",IF(G68=84,"2.10",IF(G68=83,"2.20",IF(G68=82,"2.30",IF(G68=81,"2.40",IF(G68=80,"2.50",IF(G68=79,"2.60",IF(G68=78,"2.70",IF(G68=77,"2.80",IF(G68=76,"2.90",IF(G68=75,"3.00",IF(G68<75,"5.00"))))))))))))))))))))))))))))) | I68: =IF(OR($E68="",F68="",$G68=""),"",IF($G68>=75,"PASSED","FAILED"))
B69: 58 | C69: =DATA!C69 -> 0 | D69: =DATA!D69 -> 0 | E69: =MIDTERM!AB69 | F69: ='FINAL TERM'!AB69 | G69: =IF(OR(E69="",F69=""),"",IF(ISERROR(ROUND(AVERAGE(E69,F69),0)),"",ROUND(AVERAGE(E69,F69),0))) | H69: =IF(G69="","",IF(G69=100,"1.00",IF(G69=99,"1.00",IF(G69=98,"1.00",IF(G69=97,"1.00",IF(G69=96,"1.00",IF(G69=96,"1.00",IF(G69=95,"1.00",IF(G69=94,"1.10",IF(G69=93,"1.20",IF(G69=92,"1.30",IF(G69=91,"1.40",IF(G69=90,"1.50",IF(G69=89,"1.60",IF(G69=88,"1.70",IF(G69=87,"1.80",IF(G69=86,"1.90",IF(G69=85,"2.00",IF(G69=84,"2.10",IF(G69=83,"2.20",IF(G69=82,"2.30",IF(G69=81,"2.40",IF(G69=80,"2.50",IF(G69=79,"2.60",IF(G69=78,"2.70",IF(G69=77,"2.80",IF(G69=76,"2.90",IF(G69=75,"3.00",IF(G69<75,"5.00"))))))))))))))))))))))))))))) | I69: =IF(OR($E69="",F69="",$G69=""),"",IF($G69>=75,"PASSED","FAILED"))
B70: 59 | C70: =DATA!C70 -> 0 | D70: =DATA!D70 -> 0 | E70: =MIDTERM!AB70 | F70: ='FINAL TERM'!AB70 | G70: =IF(OR(E70="",F70=""),"",IF(ISERROR(ROUND(AVERAGE(E70,F70),0)),"",ROUND(AVERAGE(E70,F70),0))) | H70: =IF(G70="","",IF(G70=100,"1.00",IF(G70=99,"1.00",IF(G70=98,"1.00",IF(G70=97,"1.00",IF(G70=96,"1.00",IF(G70=96,"1.00",IF(G70=95,"1.00",IF(G70=94,"1.10",IF(G70=93,"1.20",IF(G70=92,"1.30",IF(G70=91,"1.40",IF(G70=90,"1.50",IF(G70=89,"1.60",IF(G70=88,"1.70",IF(G70=87,"1.80",IF(G70=86,"1.90",IF(G70=85,"2.00",IF(G70=84,"2.10",IF(G70=83,"2.20",IF(G70=82,"2.30",IF(G70=81,"2.40",IF(G70=80,"2.50",IF(G70=79,"2.60",IF(G70=78,"2.70",IF(G70=77,"2.80",IF(G70=76,"2.90",IF(G70=75,"3.00",IF(G70<75,"5.00"))))))))))))))))))))))))))))) | I70: =IF(OR($E70="",F70="",$G70=""),"",IF($G70>=75,"PASSED","FAILED"))
B71: 60 | C71: =DATA!C71 -> 0 | D71: =DATA!D71 -> 0 | E71: =MIDTERM!AB71 | F71: ='FINAL TERM'!AB71 | G71: =IF(OR(E71="",F71=""),"",IF(ISERROR(ROUND(AVERAGE(E71,F71),0)),"",ROUND(AVERAGE(E71,F71),0))) | H71: =IF(G71="","",IF(G71=100,"1.00",IF(G71=99,"1.00",IF(G71=98,"1.00",IF(G71=97,"1.00",IF(G71=96,"1.00",IF(G71=96,"1.00",IF(G71=95,"1.00",IF(G71=94,"1.10",IF(G71=93,"1.20",IF(G71=92,"1.30",IF(G71=91,"1.40",IF(G71=90,"1.50",IF(G71=89,"1.60",IF(G71=88,"1.70",IF(G71=87,"1.80",IF(G71=86,"1.90",IF(G71=85,"2.00",IF(G71=84,"2.10",IF(G71=83,"2.20",IF(G71=82,"2.30",IF(G71=81,"2.40",IF(G71=80,"2.50",IF(G71=79,"2.60",IF(G71=78,"2.70",IF(G71=77,"2.80",IF(G71=76,"2.90",IF(G71=75,"3.00",IF(G71<75,"5.00"))))))))))))))))))))))))))))) | I71: =IF(OR($E71="",F71="",$G71=""),"",IF($G71>=75,"PASSED","FAILED"))
B72: 61 | C72: =DATA!C72 -> 0 | D72: =DATA!D72 -> 0 | E72: =MIDTERM!AB72 | F72: ='FINAL TERM'!AB72 | G72: =IF(OR(E72="",F72=""),"",IF(ISERROR(ROUND(AVERAGE(E72,F72),0)),"",ROUND(AVERAGE(E72,F72),0))) | H72: =IF(G72="","",IF(G72=100,"1.00",IF(G72=99,"1.00",IF(G72=98,"1.00",IF(G72=97,"1.00",IF(G72=96,"1.00",IF(G72=96,"1.00",IF(G72=95,"1.00",IF(G72=94,"1.10",IF(G72=93,"1.20",IF(G72=92,"1.30",IF(G72=91,"1.40",IF(G72=90,"1.50",IF(G72=89,"1.60",IF(G72=88,"1.70",IF(G72=87,"1.80",IF(G72=86,"1.90",IF(G72=85,"2.00",IF(G72=84,"2.10",IF(G72=83,"2.20",IF(G72=82,"2.30",IF(G72=81,"2.40",IF(G72=80,"2.50",IF(G72=79,"2.60",IF(G72=78,"2.70",IF(G72=77,"2.80",IF(G72=76,"2.90",IF(G72=75,"3.00",IF(G72<75,"5.00"))))))))))))))))))))))))))))) | I72: =IF(OR($E72="",F72="",$G72=""),"",IF($G72>=75,"PASSED","FAILED"))
B73: 62 | C73: =DATA!C73 -> 0 | D73: =DATA!D73 -> 0 | E73: =MIDTERM!AB73 | F73: ='FINAL TERM'!AB73 | G73: =IF(OR(E73="",F73=""),"",IF(ISERROR(ROUND(AVERAGE(E73,F73),0)),"",ROUND(AVERAGE(E73,F73),0))) | H73: =IF(G73="","",IF(G73=100,"1.00",IF(G73=99,"1.00",IF(G73=98,"1.00",IF(G73=97,"1.00",IF(G73=96,"1.00",IF(G73=96,"1.00",IF(G73=95,"1.00",IF(G73=94,"1.10",IF(G73=93,"1.20",IF(G73=92,"1.30",IF(G73=91,"1.40",IF(G73=90,"1.50",IF(G73=89,"1.60",IF(G73=88,"1.70",IF(G73=87,"1.80",IF(G73=86,"1.90",IF(G73=85,"2.00",IF(G73=84,"2.10",IF(G73=83,"2.20",IF(G73=82,"2.30",IF(G73=81,"2.40",IF(G73=80,"2.50",IF(G73=79,"2.60",IF(G73=78,"2.70",IF(G73=77,"2.80",IF(G73=76,"2.90",IF(G73=75,"3.00",IF(G73<75,"5.00"))))))))))))))))))))))))))))) | I73: =IF(OR($E73="",F73="",$G73=""),"",IF($G73>=75,"PASSED","FAILED"))
B74: 63 | C74: =DATA!C74 -> 0 | D74: =DATA!D74 -> 0 | E74: =MIDTERM!AB74 | F74: ='FINAL TERM'!AB74 | G74: =IF(OR(E74="",F74=""),"",IF(ISERROR(ROUND(AVERAGE(E74,F74),0)),"",ROUND(AVERAGE(E74,F74),0))) | H74: =IF(G74="","",IF(G74=100,"1.00",IF(G74=99,"1.00",IF(G74=98,"1.00",IF(G74=97,"1.00",IF(G74=96,"1.00",IF(G74=96,"1.00",IF(G74=95,"1.00",IF(G74=94,"1.10",IF(G74=93,"1.20",IF(G74=92,"1.30",IF(G74=91,"1.40",IF(G74=90,"1.50",IF(G74=89,"1.60",IF(G74=88,"1.70",IF(G74=87,"1.80",IF(G74=86,"1.90",IF(G74=85,"2.00",IF(G74=84,"2.10",IF(G74=83,"2.20",IF(G74=82,"2.30",IF(G74=81,"2.40",IF(G74=80,"2.50",IF(G74=79,"2.60",IF(G74=78,"2.70",IF(G74=77,"2.80",IF(G74=76,"2.90",IF(G74=75,"3.00",IF(G74<75,"5.00"))))))))))))))))))))))))))))) | I74: =IF(OR($E74="",F74="",$G74=""),"",IF($G74>=75,"PASSED","FAILED"))
B75: 64 | C75: =DATA!C75 -> 0 | D75: =DATA!D75 -> 0 | E75: =MIDTERM!AB75 | F75: ='FINAL TERM'!AB75 | G75: =IF(OR(E75="",F75=""),"",IF(ISERROR(ROUND(AVERAGE(E75,F75),0)),"",ROUND(AVERAGE(E75,F75),0))) | H75: =IF(G75="","",IF(G75=100,"1.00",IF(G75=99,"1.00",IF(G75=98,"1.00",IF(G75=97,"1.00",IF(G75=96,"1.00",IF(G75=96,"1.00",IF(G75=95,"1.00",IF(G75=94,"1.10",IF(G75=93,"1.20",IF(G75=92,"1.30",IF(G75=91,"1.40",IF(G75=90,"1.50",IF(G75=89,"1.60",IF(G75=88,"1.70",IF(G75=87,"1.80",IF(G75=86,"1.90",IF(G75=85,"2.00",IF(G75=84,"2.10",IF(G75=83,"2.20",IF(G75=82,"2.30",IF(G75=81,"2.40",IF(G75=80,"2.50",IF(G75=79,"2.60",IF(G75=78,"2.70",IF(G75=77,"2.80",IF(G75=76,"2.90",IF(G75=75,"3.00",IF(G75<75,"5.00"))))))))))))))))))))))))))))) | I75: =IF(OR($E75="",F75="",$G75=""),"",IF($G75>=75,"PASSED","FAILED"))
B76: 65 | C76: =DATA!C76 -> 0 | D76: =DATA!D76 -> 0 | E76: =MIDTERM!AB76 | F76: ='FINAL TERM'!AB76 | G76: =IF(OR(E76="",F76=""),"",IF(ISERROR(ROUND(AVERAGE(E76,F76),0)),"",ROUND(AVERAGE(E76,F76),0))) | H76: =IF(G76="","",IF(G76=100,"1.00",IF(G76=99,"1.00",IF(G76=98,"1.00",IF(G76=97,"1.00",IF(G76=96,"1.00",IF(G76=96,"1.00",IF(G76=95,"1.00",IF(G76=94,"1.10",IF(G76=93,"1.20",IF(G76=92,"1.30",IF(G76=91,"1.40",IF(G76=90,"1.50",IF(G76=89,"1.60",IF(G76=88,"1.70",IF(G76=87,"1.80",IF(G76=86,"1.90",IF(G76=85,"2.00",IF(G76=84,"2.10",IF(G76=83,"2.20",IF(G76=82,"2.30",IF(G76=81,"2.40",IF(G76=80,"2.50",IF(G76=79,"2.60",IF(G76=78,"2.70",IF(G76=77,"2.80",IF(G76=76,"2.90",IF(G76=75,"3.00",IF(G76<75,"5.00"))))))))))))))))))))))))))))) | I76: =IF(OR($E76="",F76="",$G76=""),"",IF($G76>=75,"PASSED","FAILED"))
B77: 66 | C77: =DATA!C77 -> 0 | D77: =DATA!D77 -> 0 | E77: =MIDTERM!AB77 | F77: ='FINAL TERM'!AB77 | G77: =IF(OR(E77="",F77=""),"",IF(ISERROR(ROUND(AVERAGE(E77,F77),0)),"",ROUND(AVERAGE(E77,F77),0))) | H77: =IF(G77="","",IF(G77=100,"1.00",IF(G77=99,"1.00",IF(G77=98,"1.00",IF(G77=97,"1.00",IF(G77=96,"1.00",IF(G77=96,"1.00",IF(G77=95,"1.00",IF(G77=94,"1.10",IF(G77=93,"1.20",IF(G77=92,"1.30",IF(G77=91,"1.40",IF(G77=90,"1.50",IF(G77=89,"1.60",IF(G77=88,"1.70",IF(G77=87,"1.80",IF(G77=86,"1.90",IF(G77=85,"2.00",IF(G77=84,"2.10",IF(G77=83,"2.20",IF(G77=82,"2.30",IF(G77=81,"2.40",IF(G77=80,"2.50",IF(G77=79,"2.60",IF(G77=78,"2.70",IF(G77=77,"2.80",IF(G77=76,"2.90",IF(G77=75,"3.00",IF(G77<75,"5.00"))))))))))))))))))))))))))))) | I77: =IF(OR($E77="",F77="",$G77=""),"",IF($G77>=75,"PASSED","FAILED"))
... B110: 99 | C110: =DATA!C110 -> 0 | D110: =DATA!D110 -> 0 | E110: =MIDTERM!AB110 | F110: ='FINAL TERM'!AB110 | G110: =IF(OR(E110="",F110=""),"",IF(ISERROR(ROUND(AVERAGE(E110,F110),0)),"",ROUND(AVERAGE(E110,F110),0))) | H110: =IF(G110="","",IF(G110=100,"1.00",IF(G110=99,"1.00",IF(G110=98,"1.00",IF(G110=97,"1.00",IF(G110=96,"1.00",IF(G110=96,"1.00",IF(G110=95,"1.00",IF(G110=94,"1.10",IF(G110=93,"1.20",IF(G110=92,"1.30",IF(G110=91,"1.40",IF(G110=90,"1.50",IF(G110=89,"1.60",IF(G110=88,"1.70",IF(G110=87,"1.80",IF(G110=86,"1.90",IF(G110=85,"2.00",IF(G110=84,"2.10",IF(G110=83,"2.20",IF(G110=82,"2.30",IF(G110=81,"2.40",IF(G110=80,"2.50",IF(G110=79,"2.60",IF(G110=78,"2.70",IF(G110=77,"2.80",IF(G110=76,"2.90",IF(G110=75,"3.00",IF(G110<75,"5.00"))))))))))))))))))))))))))))) | I110: =IF(OR($E110="",F110="",$G110=""),"",IF($G110>=75,"PASSED","FAILED"))
B111: 100 | C111: =DATA!C66 -> 0 | D111: =DATA!D111 -> 0 | E111: =MIDTERM!AB111 | F111: ='FINAL TERM'!AB111 | G111: =IF(OR(E111="",F111=""),"",IF(ISERROR(ROUND(AVERAGE(E111,F111),0)),"",ROUND(AVERAGE(E111,F111),0))) | H111: =IF(G111="","",IF(G111=100,"1.00",IF(G111=99,"1.00",IF(G111=98,"1.00",IF(G111=97,"1.00",IF(G111=96,"1.00",IF(G111=96,"1.00",IF(G111=95,"1.00",IF(G111=94,"1.10",IF(G111=93,"1.20",IF(G111=92,"1.30",IF(G111=91,"1.40",IF(G111=90,"1.50",IF(G111=89,"1.60",IF(G111=88,"1.70",IF(G111=87,"1.80",IF(G111=86,"1.90",IF(G111=85,"2.00",IF(G111=84,"2.10",IF(G111=83,"2.20",IF(G111=82,"2.30",IF(G111=81,"2.40",IF(G111=80,"2.50",IF(G111=79,"2.60",IF(G111=78,"2.70",IF(G111=77,"2.80",IF(G111=76,"2.90",IF(G111=75,"3.00",IF(G111<75,"5.00"))))))))))))))))))))))))))))) | I111: =IF(OR($E111="",F111="",$G111=""),"",IF($G111>=75,"PASSED","FAILED"))

Sheet DATA RANGE
A1: CATEGORY A | D1: CAT | F1: FIRST
A2: CATEGORY B | D2: CCIS | F2: SECOND
A3: CATEGORY C | D3: CCJS
D4: CEA
D5: COED
D6: COM
D7: CON
